{
  "summary": {
    "total_models": 1,
    "best_mAP_model": "yolo",
    "best_FPS_model": "yolo",
    "best_precision_model": "yolo"
  },
  "results": [
    {
      "model_name": "yolo",
      "weights_path": "weights/yolo.pt",
      "device": "cuda",
      "input_size": 640,
      "metrics": {
        "precision": 0.00021561229592081192,
        "recall": 0.16115702479338842,
        "f1_score": 0.0004306484262100374,
        "mAP_50": 0.004700259198172099,
        "mAP_50_95": 0.0013899920644580518,
        "mAP_75": 0.00014409809536854065,
        "per_class_ap": {
          "cat": 0.0,
          "dog": 0.0,
          "horse": 0.0,
          "cow": 0.007955321232817869,
          "bird": 0.0003065112278241634,
          "sheep": 0.005576402015321625,
          "elephant": 0.0,
          "bear": 0.0,
          "zebra": 0.0,
          "giraffe": 6.168616861686169e-05
        }
      },
      "complexity": {
        "params": 29161799,
        "params_mb": 29.161799,
        "flops": 39650304000,
        "flops_g": 39.650304,
        "model_size_mb": 333.9915018081665
      },
      "speed": {
        "fps": 119.06178517935672,
        "mean_latency_ms": 8.399000556673855,
        "std_latency_ms": 0.06441662541903895,
        "p50_latency_ms": 8.375339995836839,
        "p95_latency_ms": 8.540172784705646,
        "p99_latency_ms": 8.652484814519994,
        "cold_start_ms": 8.778677030932158
      },
      "confusion_matrix": {
        "matrix": [
          [
            0,
            0,
            0,
            0,
            0,
            0,
            0,
            0,
            0,
            0,
            0
          ],
          [
            0,
            0,
            0,
            0,
            0,
            0,
            0,
            0,
            0,
            0,
            0
          ],
          [
            0,
            0,
            0,
            0,
            0,
            0,
            0,
            0,
            0,
            0,
            0
          ],
          [
            0,
            0,
            0,
            21,
            0,
            0,
            0,
            0,
            0,
            0,
            783
          ],
          [
            0,
            0,
            0,
            0,
            107,
            0,
            0,
            0,
            0,
            0,
            969483
          ],
          [
            0,
            0,
            0,
            0,
            0,
            372,
            0,
            0,
            0,
            0,
            657011
          ],
          [
            0,
            0,
            0,
            0,
            0,
            0,
            0,
            0,
            0,
            0,
            1
          ],
          [
            0,
            0,
            0,
            0,
            0,
            0,
            0,
            0,
            0,
            0,
            0
          ],
          [
            0,
            0,
            0,
            0,
            0,
            0,
            0,
            0,
            0,
            0,
            0
          ],
          [
            0,
            0,
            0,
            0,
            0,
            0,
            0,
            0,
            0,
            2,
            142
          ],
          [
            103,
            95,
            183,
            318,
            265,
            192,
            194,
            102,
            222,
            151,
            0
          ]
        ],
        "labels": [
          "class_1",
          "class_2",
          "class_3",
          "class_4",
          "class_5",
          "class_6",
          "class_7",
          "class_8",
          "class_9",
          "class_10",
          "Background"
        ],
        "total_tp": 502,
        "total_fp": 1627420,
        "total_fn": 1825,
        "total_tn": 0
      },
      "pr_curve": {
        "precision_curve": [
          0.00030836858276993615,
          0.00030836858276993615,
          0.00030836858276993615,
          0.00030836858276993615,
          0.00030836858276993615,
          0.00030836858276993615,
          0.00030836858276993615,
          0.00030836858276993615,
          0.00030836858276993615,
          0.00030836858276993615,
          0.00030836858276993615,
          0.0003169911337920729,
          0.00032276081821011956,
          0.0003449640849267081,
          0.00037369871009854203,
          0.00040692736689417256,
          0.0004450857025294583,
          0.0004937548852783843,
          0.000541936741556606,
          0.0006189618234903208,
          0.0007092580621992384,
          0.0008037670895290377,
          0.0009765530107955259,
          0.0011711002675901144,
          0.0013762639789687073,
          0.0016380105223192476,
          0.001834205058393635,
          0.002255912210602783,
          0.0027842227378190184,
          0.003404225450972123,
          0.0040147044597078265,
          0.005079236082893099,
          0.006362672322375336,
          0.007901303021901748,
          0.009063444108761146,
          0.011019283746556136,
          0.012160898035546671,
          0.016618497109825388,
          0.02125147579692783,
          0.021956087824346916,
          0.01845018450183821,
          0.023255813953470348,
          0.04545454545447658,
          0.07692307692278107,
          0.0,
          0.0,
          0.0,
          0.0,
          0.0,
          0.0,
          0.0,
          0.0,
          0.0,
          0.0,
          0.0,
          0.0,
          0.0,
          0.0,
          0.0,
          0.0,
          0.0,
          0.0,
          0.0,
          0.0,
          0.0,
          0.0,
          0.0,
          0.0,
          0.0,
          0.0,
          0.0,
          0.0,
          0.0,
          0.0,
          0.0,
          0.0,
          0.0,
          0.0,
          0.0,
          0.0,
          0.0,
          0.0,
          0.0,
          0.0,
          0.0,
          0.0,
          0.0,
          0.0,
          0.0,
          0.0,
          0.0,
          0.0,
          0.0,
          0.0,
          0.0,
          0.0,
          0.0,
          0.0,
          0.0,
          0.0,
          0.0
        ],