{
  "summary": {
    "total_models": 1,
    "best_mAP_model": "yolo",
    "best_FPS_model": "yolo",
    "best_precision_model": "yolo"
  },
  "results": [
    {
      "model_name": "yolo",
      "weights_path": "weights/yolo.pt",
      "device": "cuda",
      "input_size": 640,
      "metrics": {
        "precision": 0.0,
        "recall": 0.0,
        "f1_score": 0.0,
        "mAP_50": 0.0,
        "mAP_50_95": 0.0,
        "mAP_75": 0.0,
        "per_class_ap": {}
      },
      "complexity": {
        "params": 11213955,
        "params_mb": 11.213955,
        "flops": 14061772800,
        "flops_g": 14.0617728,
        "model_size_mb": 128.54022312164307
      },
      "speed": {
        "fps": 79.33226584002105,
        "mean_latency_ms": 12.605211629988844,
        "std_latency_ms": 0.3539215433667723,
        "p50_latency_ms": 12.485516000197094,
        "p95_latency_ms": 13.221543649979138,
        "p99_latency_ms": 14.175840129864808,
        "cold_start_ms": 15.384040998469573
      },
      "confusion_matrix": null,
      "pr_curve": null
    }
  ]
}